Id,Label,Interval,Modularity Class,Component ID,Grado con pesos,Grado,giantcomponent
2357.0,player,,13,0,141.28422343,63,0
2286.0,pennant,,13,0,91.2146946639,54,0
2303.0,rookie,,13,0,91.2146946639,54,0
2315.0,pitcher,,13,0,91.2146946639,54,0
2387.0,bat,,13,0,91.2146946639,54,0
2323.0,ball,,13,0,118.859669052,52,0
721.0,team,,13,0,80.0136509389,49,0
1488.0,league,,13,0,96.7207190916,49,0
2199.0,game,,13,0,90.5974657834,49,0
2295.0,ninth,,13,0,66.9840922654,49,0
